case,beam_mises_MPa,column_mises_MPa,column_compression_N,purlin_mises_MPa,brace_mises_MPa,Umax_mm,force_residual_N,moment_residual_Nmm,force_relative_error,moment_relative_error
D,9.923484802246094,8.7133207321167,2651.33251953125,20.543968200683594,2.7421822547912598,3.4986063505944354,0.05001464863054952,456.85043555632706,2.333388787830621e-06,2.3321836363341065e-06
S,39.01067352294922,35.157405853271484,9169.373046875,114.77306365966797,11.353973388671875,19.213389546213396,0.0008791763180854855,8.117326435522664,1.3626077438958224e-08,1.3769753298912856e-08
W,7.097555637359619,9.656764030456543,1292.616455078125,7.992012977600098,7.175256729125977,2.386680146371184,0.002275194589354371,21.37746414260233,3.072378491887411e-07,3.131729325308567e-07
D_07S,37.23095703125,33.32350540161133,9068.4091796875,100.88511657714844,9.802330017089844,16.930677611744475,0.05147462618956209,468.63131563441294,7.728985518735762e-07,7.700885718554517e-07
D_S,48.93415832519531,43.8707275390625,11818.5859375,135.31703186035156,13.20852279663086,22.689051687460346,0.04925782311394472,448.87919721443586,5.730589778198538e-07,5.715342841826256e-07
D_S_W,55.82536315917969,50.682735443115234,13110.9228515625,142.1463623046875,19.4976863861084,24.893396961936542,0.012625104847363653,122.05455860155958,1.3616293157006595e-07,1.4397059300130588e-07
D_S_mW,42.04290008544922,41.10273361206055,10761.5966796875,128.487548828125,7.712771892547607,20.521824852356637,0.024874612071024243,224.262483857217,3.136541260653555e-07,3.09723135509854e-07
C09D_W,15.984260559082031,16.65116310119629,3678.53955078125,25.320161819458008,9.643217086791992,5.41865931446918,0.002358442886624393,21.440010259292325,9.005022515532819e-08,8.935858342487077e-08
C09D_mW,8.452657699584961,10.840510368347168,1651.6624755859375,11.660053253173828,5.018729209899902,1.4213570199427321,0.008648638260301406,79.57909970912559,6.672101714593782e-07,6.746075145586515e-07
