run,solver_complete,decision,native_P2_stress_proxy_MPa,native_column_stress_proxy_MPa,D_S_W_column_compression_N,axial_error_percent,maximum_force_relative_error,maximum_moment_relative_error,config,recovered_P2_stress_MPa,recovered_column_stress_MPa,recovered_P5_stress_MPa,P2_error_percent,column_error_percent,three_numbers_within_10_percent
000_baseline,True,REJECTED_DEVELOPMENT_GEOMETRY_OUTPUT_ERRORS,56.581058502197266,51.60305404663086,13124.8583984375,12.462412714837656,2.2141498333433087e-06,2.195185659082016e-06,,,,,,,
001_verified_baseline,True,REJECTED_COMPARISON_OR_PHYSICAL_LIMITS,56.36336135864258,51.36298370361328,13142.3955078125,12.612682193751912,2.2118764761317028e-06,2.2119859681147675e-06,"{""run_id"": ""001_verified_baseline""}",60.956374394379175,51.45830103119673,200.29161996364618,71.04210242547308,54.86113944631865,False
002_mesh100,True,REJECTED_COMPARISON_OR_PHYSICAL_LIMITS,66.41197204589844,52.82347106933594,13146.373046875,12.64676436256902,2.242893021032214e-06,2.238479460482843e-06,"{""run_id"": ""002_mesh100"", ""mesh_size"": 100}",69.83413836687448,52.91620052913897,207.50093235904504,66.82463735540405,53.58228023759739,False
003_wind378,True,REJECTED_COMPARISON_OR_PHYSICAL_LIMITS,75.38156127929688,74.220703125,16687.48046875,42.98930004995527,2.9360528609062908e-06,2.8892921871821423e-06,"{""run_id"": ""003_wind378"", ""wind_pressure"": 378}",81.53325087568602,74.99227277120656,236.1099018880549,61.26686419207314,34.217304586660916,False
004_wind756,True,REJECTED_COMPARISON_OR_PHYSICAL_LIMITS,101.94474792480469,110.34471893310547,21525.208984375,84.44213743762018,2.2118764761317028e-06,2.2119859681147675e-06,"{""run_id"": ""004_wind756"", ""wind_pressure"": 756}",109.638284237753,112.03713851513702,290.30477020640495,47.91530440011734,1.7218083200552514,False
005_paper_weights,True,REJECTED_COMPARISON_OR_PHYSICAL_LIMITS,55.82536315917969,50.682735443115234,13110.9228515625,12.343003790452634,2.333388787830621e-06,2.3321836363341065e-06,"{""run_id"": ""005_paper_weights"", ""dead_mode"": ""paper""}",62.30890688940485,50.7748638840658,188.50900110888983,70.3995691736794,55.46064571573175,False
006_two_outer,True,REJECTED_COMPARISON_OR_PHYSICAL_LIMITS,87.744384765625,87.84272766113281,13678.3203125,17.204838142349388,3.528141292155378e-06,3.5208567772507982e-06,"{""run_id"": ""006_two_outer"", ""purlin_layout"": ""two_outer""}",94.35609788802893,88.55829954925187,387.9775774180564,55.175250409487454,22.31728109714748,False
007_five_boundaries,True,REJECTED_COMPARISON_OR_PHYSICAL_LIMITS,56.747657775878906,47.01130294799805,13456.5517578125,15.304579414422248,1.6735386590495168e-06,1.6731174475258558e-06,"{""run_id"": ""007_five_boundaries"", ""purlin_layout"": ""five_boundaries""}",75.89481590399106,47.34614306876293,196.92991571091304,63.94545562755769,58.46829555371673,False
008_centroid_height,True,REJECTED_COMPARISON_OR_PHYSICAL_LIMITS,56.409996032714844,51.19961166381836,13085.701171875,12.12688786262557,2.240212917362144e-06,2.238434020115074e-06,"{""run_id"": ""008_centroid_height"", ""column_top_shift"": 67.1}",60.80367044674978,51.2888536141418,200.1281206480525,71.11464586852743,55.00977753145456,False
009_two_eaves,True,REJECTED_COMPARISON_OR_PHYSICAL_LIMITS,195.43885803222656,173.54641723632812,14897.767578125,27.653863762848687,3.5203152646383963e-06,3.5088665816536115e-06,"{""run_id"": ""009_two_eaves"", ""purlin_layout"": ""custom"", ""purlin_stations"": [0.0, 4020.0]}",196.009926246169,174.13049984420363,388.40771731499615,6.88364548875583,52.74605249491546,False
010_mesh50,True,REJECTED_COMPARISON_OR_PHYSICAL_LIMITS,69.89425659179688,53.580265045166016,13148.509765625,12.665073173119424,2.2428929706372863e-06,2.234044341821829e-06,"{""run_id"": ""010_mesh50"", ""mesh_size"": 50}",72.94447953274795,53.671706075740666,211.17009679075383,65.34704060201997,52.9195560739117,False
011_mesh25,True,REJECTED_COMPARISON_OR_PHYSICAL_LIMITS,72.0025634765625,53.931522369384766,13149.6796875,12.675097832643845,2.23668965410237e-06,2.2359377819464287e-06,"{""run_id"": ""011_mesh25"", ""mesh_size"": 25}",74.83444144419404,54.02237194025508,213.0762329414951,64.44919646356577,52.61195443837274,False
012_mesh12p5,True,REJECTED_COMPARISON_OR_PHYSICAL_LIMITS,72.98173522949219,54.11290740966797,13150.19140625,12.679482575207102,2.224283083184478e-06,2.2316995867041835e-06,"{""run_id"": ""012_mesh12p5"", ""mesh_size"": 12.5}",75.71364564743784,54.20345419674813,213.97691815625956,64.03152225774924,52.453110353729706,False
013_abaqus2018,True,REJECTED_COMPARISON_OR_PHYSICAL_LIMITS,72.0025634765625,53.931522369384766,13149.6796875,12.675097832643845,2.2366896524385135e-06,2.2359377845964585e-06,"{""run_id"": ""013_abaqus2018"", ""mesh_size"": 25}",74.83445519537672,54.02237194025508,213.0762329414951,64.44918993093742,52.61195443837274,False
014_nlgeom50,True,REJECTED_COMPARISON_OR_PHYSICAL_LIMITS,68.46137237548828,56.337318420410156,13075.69140625,12.041117612103736,2.2330428192602984e-06,0.00026784815233384676,"{""run_id"": ""014_nlgeom50"", ""mesh_size"": 50, ""nlgeom"": true}",71.60160889895494,56.38697261365688,191.60004903637878,65.98498389598339,50.53774332135361,False
015_pinned_columns,True,REJECTED_COMPARISON_OR_PHYSICAL_LIMITS,50.18342208862305,61.228485107421875,12455.6572265625,6.7282572599019375,2.2428932536015176e-06,2.2388665227040264e-06,"{""run_id"": ""015_pinned_columns"", ""mesh_size"": 50, ""column_top_release"": true}",465.19240751972046,311.596973596645,211.10395348441764,120.99401782409522,173.3306785935482,False
016_eaves_pinned_columns,True,REJECTED_COMPARISON_OR_PHYSICAL_LIMITS,220.4888153076172,94.94120025634766,13297.095703125,13.93825513969482,3.5320588157160463e-06,3.5260239361620037e-06,"{""run_id"": ""016_eaves_pinned_columns"", ""mesh_size"": 50, ""column_top_release"": true, ""purlin_layout"": ""custom"", ""purlin_stations"": [0.0, 4020.0]}",574.2222861792225,827.4942424724792,413.76566808800493,172.78968464571142,625.8721425197185,False
017_eaves_all_pinned,True,REJECTED_COMPARISON_OR_PHYSICAL_LIMITS,206.1529998779297,93.65465545654297,12836.9052734375,9.995041090460166,3.5242254558277293e-06,3.521772822909646e-06,"{""run_id"": ""017_eaves_all_pinned"", ""mesh_size"": 50, ""column_top_release"": true, ""brace_end_release"": true, ""purlin_layout"": ""custom"", ""purlin_stations"": [0.0, 4020.0]}",636.8565050362774,368.7729926877191,413.81021490101375,202.5446579744786,223.4850813050168,False
018_eaves_true_pins,True,REJECTED_COMPARISON_OR_PHYSICAL_LIMITS,197.48556518554688,37.084476470947266,12143.9013671875,4.0569281636982035,3.5085595668918713e-06,3.5046347178558e-06,"{""run_id"": ""018_eaves_true_pins"", ""mesh_size"": 50, ""column_top_release"": true, ""brace_end_release"": true, ""release_code"": ""ALLM"", ""purlin_layout"": ""custom"", ""purlin_stations"": [0.0, 4020.0]}",703.9485684587022,72.56920296302273,412.6197516347539,234.41737218940722,36.34280441840111,False
019_eaves_column_pins,True,REJECTED_COMPARISON_OR_PHYSICAL_LIMITS,197.050048828125,36.457984924316406,12170.3603515625,4.283646131272678,3.532057586731107e-06,3.5264698768704534e-06,"{""run_id"": ""019_eaves_column_pins"", ""mesh_size"": 50, ""column_top_release"": true, ""release_code"": ""ALLM"", ""purlin_layout"": ""custom"", ""purlin_stations"": [0.0, 4020.0]}",704.3967819039681,74.36757393800694,412.8730371601813,234.63030019190882,34.765286019292155,False
020_eaves_inplane_pins,True,REJECTED_COMPARISON_OR_PHYSICAL_LIMITS,219.4104766845703,59.5771598815918,12534.2822265625,7.401967934049614,3.5359739513112988e-06,3.531604950870059e-06,"{""run_id"": ""020_eaves_inplane_pins"", ""mesh_size"": 50, ""column_top_release"": true, ""brace_end_release"": true, ""release_code"": ""M1"", ""purlin_layout"": ""custom"", ""purlin_stations"": [0.0, 4020.0]}",219.5077113432911,59.622120669204094,407.845641064041,4.279197787786759,47.69989414982096,False
021_rows_web_offset,True,REJECTED_COMPARISON_OR_PHYSICAL_LIMITS,67.094970703125,37.12108612060547,13160.4658203125,12.767520507474428,2.2242832182031023e-06,2.2155299323141463e-06,"{""run_id"": ""021_rows_web_offset"", ""mesh_size"": 50, ""web_to_web_offset"": true}",70.25505587576787,37.16563751495874,214.29256114752368,66.6246765435782,67.39856358336954,False
022_eaves_pins_web_offset,True,REJECTED_COMPARISON_OR_PHYSICAL_LIMITS,212.03611755371094,48.65500259399414,12547.21484375,7.5127830977238075,3.516392239308297e-06,3.513952085851533e-06,"{""run_id"": ""022_eaves_pins_web_offset"", ""mesh_size"": 50, ""web_to_web_offset"": true, ""column_top_release"": true, ""brace_end_release"": true, ""release_code"": ""M1"", ""purlin_layout"": ""custom"", ""purlin_stations"": [0.0, 4020.0]}",212.11299735902887,48.78316068899559,411.32869223333404,0.7662695292298682,57.20775378158282,False
023_open_section_warping,True,WORK_IN_PROGRESS_NOT_VALIDATED,130.39752197265625,45.41179656982422,13216.9169921875,13.251231249100282,2.2304864789667995e-06,2.22657317405997e-06,"{
  ""run_id"": ""023_open_section_warping"",
  ""mesh_size"": 50,
  ""wind_pressure"": 101.0,
  ""purlin_layout"": ""row_centres"",
  ""dead_mode"": ""geometry"",
  ""column_top_shift"": 0.0,
  ""brace_front_drop"": 125.0,
  ""element_type"": ""B31OS"",
  ""warping"": ""fixed bases; independent across families; continuous same member""
}",,,,,,
024_c125_rounded_r8,True,REJECTED_COMPARISON_OR_PHYSICAL_LIMITS,74.06733703613281,54.8316764831543,13133.4970703125,12.536434532995333,2.2742459410568997e-06,2.2696092788033233e-06,"{""run_id"": ""024_c125_rounded_r8"", ""mesh_size"": 50, ""c125_inside_bend_radius"": 8.0}",76.04476630153472,54.940483582258665,211.42222796410306,63.87422028430654,51.8065933488959,False
