case,brace_mises_MPa,beam_mises_MPa,moment_relative_error,force_residual_N,column_mises_MPa,moment_residual_Nmm,Umax_mm,force_relative_error,column_compression_N,purlin_mises_MPa
D,4.522273063659668,13.43539810180664,2.2359377845964585e-06,0.044014269327931815,9.846165657043457,402.12554238950673,4.828794320063747,2.2366896524385135e-06,2690.28759765625,32.206905364990234
S,11.765475273132324,50.0439567565918,5.232729057954566e-09,0.0001141386498192738,36.840789794921875,3.0847153895934887,19.235085965129773,1.7689990610783672e-09,9168.7177734375,127.11307525634766
W,7.479250431060791,8.653450012207031,3.074796267224555e-07,0.002262704121212891,10.569125175476074,20.988834002096894,2.3888583335657807,3.0555116068081994e-07,1292.5350341796875,8.686603546142578
D_07S,11.508903503417969,48.466163635253906,6.800339387044071e-07,0.044009392292994505,35.63472366333008,402.91940136404565,18.285017188717504,6.787024253863714e-07,9106.9228515625,121.18606567382812
D_S,14.503171920776367,63.4793586730957,5.181952488857869e-07,0.04447814291200695,46.686954498291016,398.67359636202696,24.05553343291704,5.282445506983762e-07,11857.1533203125,159.32000732421875
D_S_W,21.980558395385742,72.0025634765625,2.2700152772353222e-07,0.020269833607542285,53.931522369384766,188.80639095102416,26.27818939322138,2.2282975746129227e-07,13149.6796875,166.90792846679688
D_S_mW,8.487037658691406,54.95607376098633,2.509738277513174e-07,0.01961897123740381,45.511348724365234,177.70045394427387,21.878914041427123,2.529807783986011e-07,10762.3046875,151.73187255859375
C09D_W,11.54743480682373,20.615087509155273,1.5247960877867358e-07,0.0038897062317657704,17.88407325744629,34.40019356358238,6.608735275917627,1.5797737168773827e-07,3713.52001953125,36.574214935302734
C09D_mW,5.231578826904297,9.665264129638672,3.7531260239617235e-07,0.004301515444467312,11.914145469665527,39.03953995551002,2.456116695733202,3.761689941710595e-07,1652.292724609375,21.39806365966797
