case,beam_mises_MPa,column_mises_MPa,column_compression_N,purlin_mises_MPa,brace_mises_MPa,Umax_mm,URmax_rad,force_residual_N,moment_residual_Nmm,force_relative_error,moment_relative_error
D,12.92599868774414,9.745711326599121,2683.65283203125,31.15546417236328,4.368777751922607,4.745523270997381,0.05674561242505175,0.04394250570687212,10123.269873012017,2.2330428192602984e-06,5.6291451357436635e-05
S,47.27178955078125,41.86109161376953,9109.0869140625,117.41377258300781,11.019164085388184,18.577589900030503,0.2282925064002948,0.00014838599050143725,136204.43789868252,2.299787830764232e-09,0.00023109992026653018
W,8.436031341552734,10.47568416595459,1292.005126953125,8.632332801818848,7.359004974365234,2.390801460831616,0.028866606236974283,0.0023411186579042494,69.00762433111511,3.1614010709925383e-07,1.0109641463782202e-06
D_07S,45.82508850097656,39.78900146484375,9050.0927734375,112.19352722167969,10.471407890319824,17.654909709093474,0.2166299108900857,0.04405964442448174,124241.89707988058,6.794774023836608e-07,0.00020973531351895286
D_S,60.05461120605469,54.80052947998047,11777.5556640625,145.08786010742188,12.873322486877441,23.34708787277333,0.2882297826831476,0.0445283919094175,199145.9285330293,5.288413331033612e-07,0.0002589218366981094
D_S_W,68.46137237548828,56.337318420410156,13075.69140625,151.81321716308594,19.830631256103516,25.896957839287996,0.3218861175647388,0.017821678055765993,204514.25281268434,1.9591676368937143e-07,0.00024596223700780863
D_S_mW,51.69466781616211,53.5686149597168,10836.7958984375,139.15390014648438,8.059304237365723,20.954769179228364,0.25653014732061097,0.019185133986562106,189600.24603265536,2.47386576697287e-07,0.00026784815233384676
C09D_W,19.85555076599121,17.843597412109375,3705.126220703125,35.10154342651367,11.207094192504883,6.529488037831735,0.07990990985817596,0.004340688361922127,12079.288952091334,1.762936579582876e-07,5.354561681498016e-05
C09D_mW,9.491050720214844,11.754645347595215,1651.9298095703125,20.9285888671875,5.226434230804443,2.4227128337155026,0.022283697142587235,0.004464617791845873,3746.200153195426,3.90432351618014e-07,3.601557512100743e-05
